owner,uniqueCode,name,properties,templateId,category,subCategory
tenants:abbba68e-6fac-5004-aa84-20593a6db4b6,9ecb81d5-15be-4a0b-a6e1-852719c0ae157,participanttwo,{},,,
tenants:abbba68e-6fac-5004-aa84-20593a6db4b6,9ecb81d5-15be-4a0b-a6e1-852719c0ae158,participanttwo,{},,,
tenants:abbba68e-6fac-5004-aa84-20593a6db4b6,9ecb81d5-15be-4a0b-a6e1-852719c0ae159,participanttwo,{},,,
tenants:abbba68e-6fac-5004-aa84-20593a6db4b6,9ecb81d5-15be-4a0b-a6e1-852719c0ae160,participanttwo,{},,,
tenants:abbba68e-6fac-5004-aa84-20593a6db4b6,9ecb81d5-15be-4a0b-a6e1-852719c0ae161,participanttwo,{},,,
tenants:abbba68e-6fac-5004-aa84-20593a6db4b6,9ecb81d5-15be-4a0b-a6e1-852719c0ae162,participanttwo,{},,,
tenants:abbba68e-6fac-5004-aa84-20593a6db4b6,9ecb81d5-15be-4a0b-a6e1-852719c0ae163,participanttwo,{},,,
tenants:abbba68e-6fac-5004-aa84-20593a6db4b6,9ecb81d5-15be-4a0b-a6e1-852719c0ae164,participanttwo,{},,,
tenants:abbba68e-6fac-5004-aa84-20593a6db4b6,9ecb81d5-15be-4a0b-a6e1-852719c0ae165,participanttwo,{},,,
tenants:abbba68e-6fac-5004-aa84-20593a6db4b6,9ecb81d5-15be-4a0b-a6e1-852719c0ae166,participanttwo,{},,,
tenants:abbba68e-6fac-5004-aa84-20593a6db4b6,9ecb81d5-15be-4a0b-a6e1-852719c0ae167,participanttwo,{},,,
tenants:abbba68e-6fac-5004-aa84-20593a6db4b6,9ecb81d5-15be-4a0b-a6e1-852719c0ae168,participanttwo,{},,,
tenants:abbba68e-6fac-5004-aa84-20593a6db4b6,9ecb81d5-15be-4a0b-a6e1-852719c0ae169,participanttwo,{},,,
tenants:abbba68e-6fac-5004-aa84-20593a6db4b6,9ecb81d5-15be-4a0b-a6e1-852719c0ae170,participanttwo,{},,,
tenants:abbba68e-6fac-5004-aa84-20593a6db4b6,9ecb81d5-15be-4a0b-a6e1-852719c0ae171,participanttwo,{},,,